Workbook

Sheet How to use
A1: QA Audit Log
A2: The Power Automate flow adds one row to the Audits table for every Microsoft Forms submission.
A3: White columns are inputs (written by the flow). Blue columns are formulas: do not type in them.
A4: Rubric: change a weight there and every score updates. Weights must total 100.
A5: Bands: score thresholds for the band label.
A6: Agents: fill in agent_email and lead_email. The flow looks these up to send feedback.
A7: Keep the table names 'Audits' and 'Agents': the flow refers to them by name.
A8: Row 2 of Audits is an example of a completed audit. Delete it before going live.

Sheet Audits
A1: audit_id | B1: audit_ts | C1: reviewer | D1: agent_id | E1: agent_name | F1: team | G1: channel | H1: interaction_ref | I1: c1_score | J1: c2_score | K1: c3_score | L1: c4_score | M1: c5_score | N1: c6_score | O1: critical_error | P1: flagged_issues | Q1: feedback_sent_at | R1: agent_acknowledged_at | S1: process | T1: score | U1: band | V1: hours_to_feedback
A2: AUD70001 | B2: 46113.392 | C2: QA Reviewer 3 | D2: QA002 | E2: Lina Karam | F2: After-Sales | G2: Chat | H2: CH-828119 | I2: 4 | J2: 4 | K2: 5 | L2: 4 | M2: 3 | N2: 2 | O2: =FALSE() -> FALSE | P2: Changed account details before verifying identity | Q2: 46116.392 | R2: 46116.408 | S2: Manual (spreadsheet + email) | T2: =ROUND(MIN(IF(OR(O2=TRUE(),O2="TRUE",O2="Yes"),59,100),(I2*Rubric!$C$2+J2*Rubric!$C$3+K2*Rubric!$C$4+L2*Rubric!$C$5+M2*Rubric!$C$6+N2*Rubric!$C$7)/5),1) -> 76 | U2: =LOOKUP(T2,Bands!$A$2:$A$6,Bands!$B$2:$B$6) -> Meets Expectations | V2: =IF(Q2="","",ROUND((Q2-B2)*24,1)) -> 72

Sheet Rubric
A1: criterion_id | B1: criterion | C1: weight | D1: what_it_measures | E1: how to score (0-5)
A2: c1 | B2: Communication | C2: 15 | D2: Greeting, empathy, clear language, proper closing | E2: 5 = flawless · 3 = minor gaps · 1 = major gap · 0 = not done
A3: c2 | B3: Issue handling & SOP | C3: 25 | D3: Understood the issue and followed the correct procedure | E3: 5 = flawless · 3 = minor gaps · 1 = major gap · 0 = not done
A4: c3 | B4: Resolution & follow-up | C4: 20 | D4: Solved it, or set a clear next step and followed up on time | E4: 5 = flawless · 3 = minor gaps · 1 = major gap · 0 = not done
A5: c4 | B5: Escalation & ownership | C5: 15 | D5: Escalated only when needed, with complete notes; owned the case | E5: 5 = flawless · 3 = minor gaps · 1 = major gap · 0 = not done
A6: c5 | B6: Accuracy & documentation | C6: 10 | D6: Information given was correct; ticket/call notes complete | E6: 5 = flawless · 3 = minor gaps · 1 = major gap · 0 = not done
A7: c6 | B7: Security & compliance | C7: 15 | D7: Verified identity before account changes; no data shared wrongly | E7: 5 = flawless · 3 = minor gaps · 1 = major gap · 0 = not done
B8: Total | C8: =SUM(C2:C7) -> 100
A10: Score = sum(criterion score / 5 x weight). A critical security error (identity not verified) caps the audit at 59.

Sheet Bands
A1: min_score | B1: band
A2: 0 | B2: Critical
A3: 60 | B3: Needs Improvement
A4: 70 | B4: Meets Expectations
A5: 80 | B5: Solid Performance
A6: 90 | B6: Outstanding
A8: Sorted ascending on purpose: the Audits!band formula uses LOOKUP.

Sheet Agents
A1: agent_id | B1: agent_name | C1: team | D1: team_lead | E1: agent_email (fill in) | F1: lead_email (fill in) | G1: audits | H1: avg_score | I1: below_70 | J1: critical_errors
A2: QA001 | B2: Rami Yazbek | C2: After-Sales | D2: Lead · After-Sales | G2: =COUNTIF(Audits!$D:$D,A2) -> 0 | H2: =IFERROR(ROUND(AVERAGEIF(Audits!$D:$D,A2,Audits!$T:$T),1),"") | I2: =COUNTIFS(Audits!$D:$D,A2,Audits!$T:$T,"<70") -> 0 | J2: =COUNTIFS(Audits!$D:$D,A2,Audits!$O:$O,TRUE()) -> 0
A3: QA002 | B3: Lina Karam | C3: After-Sales | D3: Lead · After-Sales | G3: =COUNTIF(Audits!$D:$D,A3) -> 1 | H3: =IFERROR(ROUND(AVERAGEIF(Audits!$D:$D,A3,Audits!$T:$T),1),"") -> 76 | I3: =COUNTIFS(Audits!$D:$D,A3,Audits!$T:$T,"<70") -> 0 | J3: =COUNTIFS(Audits!$D:$D,A3,Audits!$O:$O,TRUE()) -> 0
A4: QA003 | B4: Karim Bitar | C4: After-Sales | D4: Lead · After-Sales | G4: =COUNTIF(Audits!$D:$D,A4) -> 0 | H4: =IFERROR(ROUND(AVERAGEIF(Audits!$D:$D,A4,Audits!$T:$T),1),"") | I4: =COUNTIFS(Audits!$D:$D,A4,Audits!$T:$T,"<70") -> 0 | J4: =COUNTIFS(Audits!$D:$D,A4,Audits!$O:$O,TRUE()) -> 0
A5: QA004 | B5: Maya Nassar | C5: After-Sales | D5: Lead · After-Sales | G5: =COUNTIF(Audits!$D:$D,A5) -> 0 | H5: =IFERROR(ROUND(AVERAGEIF(Audits!$D:$D,A5,Audits!$T:$T),1),"") | I5: =COUNTIFS(Audits!$D:$D,A5,Audits!$T:$T,"<70") -> 0 | J5: =COUNTIFS(Audits!$D:$D,A5,Audits!$O:$O,TRUE()) -> 0
A6: QA005 | B6: Omar Yazbek | C6: After-Sales | D6: Lead · After-Sales | G6: =COUNTIF(Audits!$D:$D,A6) -> 0 | H6: =IFERROR(ROUND(AVERAGEIF(Audits!$D:$D,A6,Audits!$T:$T),1),"") | I6: =COUNTIFS(Audits!$D:$D,A6,Audits!$T:$T,"<70") -> 0 | J6: =COUNTIFS(Audits!$D:$D,A6,Audits!$O:$O,TRUE()) -> 0
A7: QA006 | B7: Nour Harb | C7: After-Sales | D7: Lead · After-Sales | G7: =COUNTIF(Audits!$D:$D,A7) -> 0 | H7: =IFERROR(ROUND(AVERAGEIF(Audits!$D:$D,A7,Audits!$T:$T),1),"") | I7: =COUNTIFS(Audits!$D:$D,A7,Audits!$T:$T,"<70") -> 0 | J7: =COUNTIFS(Audits!$D:$D,A7,Audits!$O:$O,TRUE()) -> 0
A8: QA007 | B8: Hadi Najjar | C8: After-Sales | D8: Lead · After-Sales | G8: =COUNTIF(Audits!$D:$D,A8) -> 0 | H8: =IFERROR(ROUND(AVERAGEIF(Audits!$D:$D,A8,Audits!$T:$T),1),"") | I8: =COUNTIFS(Audits!$D:$D,A8,Audits!$T:$T,"<70") -> 0 | J8: =COUNTIFS(Audits!$D:$D,A8,Audits!$O:$O,TRUE()) -> 0
A9: QA008 | B9: Rana Bitar | C9: After-Sales | D9: Lead · After-Sales | G9: =COUNTIF(Audits!$D:$D,A9) -> 0 | H9: =IFERROR(ROUND(AVERAGEIF(Audits!$D:$D,A9,Audits!$T:$T),1),"") | I9: =COUNTIFS(Audits!$D:$D,A9,Audits!$T:$T,"<70") -> 0 | J9: =COUNTIFS(Audits!$D:$D,A9,Audits!$O:$O,TRUE()) -> 0
A10: QA009 | B10: Ziad Rizk | C10: After-Sales | D10: Lead · After-Sales | G10: =COUNTIF(Audits!$D:$D,A10) -> 0 | H10: =IFERROR(ROUND(AVERAGEIF(Audits!$D:$D,A10,Audits!$T:$T),1),"") | I10: =COUNTIFS(Audits!$D:$D,A10,Audits!$T:$T,"<70") -> 0 | J10: =COUNTIFS(Audits!$D:$D,A10,Audits!$O:$O,TRUE()) -> 0
A11: QA010 | B11: Sara Chami | C11: After-Sales | D11: Lead · After-Sales | G11: =COUNTIF(Audits!$D:$D,A11) -> 0 | H11: =IFERROR(ROUND(AVERAGEIF(Audits!$D:$D,A11,Audits!$T:$T),1),"") | I11: =COUNTIFS(Audits!$D:$D,A11,Audits!$T:$T,"<70") -> 0 | J11: =COUNTIFS(Audits!$D:$D,A11,Audits!$O:$O,TRUE()) -> 0
A12: QA011 | B12: Fadi Khoury | C12: After-Sales | D12: Lead · After-Sales | G12: =COUNTIF(Audits!$D:$D,A12) -> 0 | H12: =IFERROR(ROUND(AVERAGEIF(Audits!$D:$D,A12,Audits!$T:$T),1),"") | I12: =COUNTIFS(Audits!$D:$D,A12,Audits!$T:$T,"<70") -> 0 | J12: =COUNTIFS(Audits!$D:$D,A12,Audits!$O:$O,TRUE()) -> 0
A13: QA012 | B13: Dana Hamdan | C13: After-Sales | D13: Lead · After-Sales | G13: =COUNTIF(Audits!$D:$D,A13) -> 0 | H13: =IFERROR(ROUND(AVERAGEIF(Audits!$D:$D,A13,Audits!$T:$T),1),"") | I13: =COUNTIFS(Audits!$D:$D,A13,Audits!$T:$T,"<70") -> 0 | J13: =COUNTIFS(Audits!$D:$D,A13,Audits!$O:$O,TRUE()) -> 0
... A41: QA040 | B41: Zeina Daher | C41: Card Services | D41: Lead · Card Services | G41: =COUNTIF(Audits!$D:$D,A41) -> 0 | H41: =IFERROR(ROUND(AVERAGEIF(Audits!$D:$D,A41,Audits!$T:$T),1),"") | I41: =COUNTIFS(Audits!$D:$D,A41,Audits!$T:$T,"<70") -> 0 | J41: =COUNTIFS(Audits!$D:$D,A41,Audits!$O:$O,TRUE()) -> 0
